ID,Letter,Word_Class,Vietnamese_Meaning,IPA,Verb_Structure_Collocation,Example,Vietnamese_Explanation
1,The,Determiner,,/ðə/ or /ðiː/,the + Noun,The ocean is facing unprecedented challenges due to overfishing. (Đại dương đang phải đối mặt với những thách thức chưa từng có do đánh bắt quá mức).,"Trong đoạn văn, ""the"" được sử dụng để chỉ một đối tượng cụ thể, đã được đề cập trước đó hoặc người đọc có thể hiểu được."
2,face,Noun,diện mạo,/feɪs/,the face of something,The face of the music industry has changed dramatically with the rise of streaming services. (Diện mạo của ngành công nghiệp âm nhạc đã thay đổi đáng kể với sự gia tăng của các dịch vụ phát nhạc trực tuyến.),"Trong đoạn văn, ""face"" được sử dụng theo nghĩa bóng để chỉ diện mạo, trạng thái hoặc tình trạng chung của đại dương."
3,of,Preposition,của,/əv/ hoặc /ʌv/,Noun + of + Noun,The impact of overfishing on marine ecosystems is severe. (Ảnh hưởng của việc đánh bắt quá mức đối với hệ sinh thái biển là rất nghiêm trọng.),"Trong đoạn văn, ""of"" được sử dụng để chỉ sự sở hữu hoặc mối liên hệ giữa hai danh từ, trong trường hợp này là ""face"" và ""ocean."""
4,the,Determiner,,/ðə/ or /ðiː/,the + Noun,The government is implementing new regulations to protect fish populations. (Chính phủ đang thực hiện các quy định mới để bảo vệ quần thể cá.),"Trong đoạn văn, ""the"" được sử dụng để chỉ một đối tượng cụ thể, đã được đề cập trước đó hoặc người đọc có thể hiểu được."
5,ocean,Noun,đại dương,/ˈoʊʃən/,,The ocean plays a vital role in regulating the Earth's climate. (Đại dương đóng một vai trò quan trọng trong việc điều hòa khí hậu Trái Đất.),"Trong đoạn văn, ""ocean"" được sử dụng để chỉ toàn bộ vùng nước mặn bao phủ phần lớn bề mặt Trái Đất."
6,has,Auxiliary verb,đã,/hæz/,Subject + has/have + past participle,The use of technology has revolutionized the fishing industry. (Việc sử dụng công nghệ đã cách mạng hóa ngành công nghiệp đánh bắt cá.),"Trong đoạn văn, ""has changed"" là thì hiện tại hoàn thành, diễn tả một hành động bắt đầu trong quá khứ và vẫn còn tiếp diễn hoặc có ảnh hưởng đến hiện tại."
7,changed,Verb,thay đổi,/tʃeɪndʒd/,change from something to something,The fishing industry has changed significantly over the past century. (Ngành công nghiệp đánh bắt cá đã thay đổi đáng kể trong thế kỷ qua.),"Trong đoạn văn, ""changed"" được sử dụng để chỉ sự biến đổi, khác biệt so với trạng thái ban đầu của đại dương."
8,completely,Adverb,hoàn toàn,/kəmˈpliːtli/,completely + adjective/verb,The ecosystem has been completely transformed by pollution. (Hệ sinh thái đã bị thay đổi hoàn toàn bởi ô nhiễm.),"Trong đoạn văn, ""completely"" được sử dụng để nhấn mạnh mức độ thay đổi của đại dương, cho thấy sự khác biệt rõ rệt so với trước đây."
9,since,Preposition,kể từ,/sɪns/,since + a point in time,The population of some fish species has declined sharply since the 1980s. (Quần thể của một số loài cá đã giảm mạnh kể từ những năm 1980.),"Trong đoạn văn, ""since"" được sử dụng để chỉ một mốc thời gian trong quá khứ, từ đó sự thay đổi của đại dương bắt đầu diễn ra."
10,the,Determiner,,/ðə/ or /ðiː/,the + Noun,The first commercial fishermen used traditional methods to catch fish. (Những ngư dân thương mại đầu tiên đã sử dụng các phương pháp truyền thống để đánh bắt cá.),"Trong đoạn văn, ""the"" được sử dụng để chỉ một đối tượng cụ thể, đã được đề cập trước đó hoặc người đọc có thể hiểu được."
11,first,Adjective,đầu tiên,/fɜːrst/,the first + noun,The first step in solving the problem is to reduce overfishing. (Bước đầu tiên trong việc giải quyết vấn đề là giảm đánh bắt quá mức.),"Trong đoạn văn, ""first"" được sử dụng để chỉ những người đánh cá thương mại đầu tiên xuất hiện trong lịch sử."
12,commercial,Adjective,thương mại,/kəˈmɜːrʃəl/,commercial + noun,Commercial fishing has put a strain on fish populations. (Đánh bắt cá thương mại đã gây áp lực lên quần thể cá.),"Trong đoạn văn, ""commercial"" được sử dụng để chỉ hoạt động đánh bắt cá với mục đích kinh doanh, buôn bán."
13,fishers,Noun,ngư dân,/ˈfɪʃərz/,fishermen,Fishers are facing challenges due to declining fish stocks. (Ngư dân đang phải đối mặt với những thách thức do trữ lượng cá giảm sút.),"Trong đoạn văn, ""fishers"" được sử dụng để chỉ những người hành nghề đánh bắt cá."
14,cast,Verb,quăng,/kæst/,cast something (out),Fishermen cast their nets wide in the hope of a large catch. (Ngư dân quăng lưới rộng với hy vọng có một mẻ cá lớn.),"Trong đoạn văn, ""cast"" được sử dụng để chỉ hành động ném lưới hoặc móc câu xuống biển để đánh bắt cá."
15,their,Determiner,,/ðeər/,their + Noun,Fishermen rely on their knowledge of the sea to find fish. (Ngư dân dựa vào kiến thức của họ về biển để tìm cá.),"Trong đoạn văn, ""their"" được sử dụng để chỉ sở hữu của những người đánh cá (fishers) đối với lưới (nets) và móc câu (hooks)."
16,nets,Noun,lưới,/nets/,fishing nets,The use of large nets can lead to overfishing. (Việc sử dụng lưới lớn có thể dẫn đến đánh bắt quá mức.),"Trong đoạn văn, ""nets"" được sử dụng để chỉ dụng cụ đánh bắt cá hình lưới được sử dụng bởi những người đánh cá thương mại."
17,and,Conjunction,và,/ænd/,Noun + and + Noun,Overfishing and pollution are two major threats to the ocean. (Đánh bắt quá mức và ô nhiễm là hai mối đe dọa lớn đối với đại dương.),"Trong đoạn văn, ""and"" được sử dụng để nối hai danh từ ""nets"" và ""hooks"" lại với nhau, cho thấy cả hai đều là dụng cụ đánh bắt cá."
18,hooks,Noun,móc câu,/hʊks/,fishing hooks,Some types of fishing hooks can harm marine life. (Một số loại móc câu cá có thể gây hại cho sinh vật biển.),"Trong đoạn văn, ""hooks"" được sử dụng để chỉ dụng cụ đánh bắt cá có móc nhọn, thường được gắn vào dây câu."
19,over,Preposition,hơn,/ˈoʊvər/,over + a period of time,"Over the past few decades, the fishing industry has undergone significant changes. (Trong vài thập kỷ qua, ngành công nghiệp đánh bắt cá đã trải qua những thay đổi đáng kể.)","Trong đoạn văn, ""over"" được sử dụng để chỉ khoảng thời gian hơn một nghìn năm."
20,a,Determiner,một,/ə/ or /eɪ/,a + noun,"A thousand years ago, fishing techniques were much simpler than they are today. (Một nghìn năm trước, kỹ thuật đánh bắt cá đơn giản hơn nhiều so với ngày nay.)","Trong đoạn văn, ""a"" được sử dụng để chỉ một khoảng thời gian không xác định, trong trường hợp này là một nghìn năm."
21,thousand,Number,nghìn,/ˈθaʊzənd/,a thousand + noun,The ocean has been a source of food for thousands of years. (Đại dương là nguồn cung cấp thực phẩm trong hàng ngàn năm.),"Trong đoạn văn, ""thousand"" được sử dụng để chỉ số lượng một nghìn năm."
22,years,Noun,năm,/jɪrz/,over the years,"Over the years, the demand for seafood has increased dramatically. (Trong những năm qua, nhu cầu về hải sản đã tăng lên đáng kể.)","Trong đoạn văn, ""years"" được sử dụng để chỉ đơn vị thời gian là năm."
23,ago,Adverb,trước,/əˈɡoʊ/,time period + ago,The fishing industry was very different a century ago. (Ngành công nghiệp đánh bắt cá đã rất khác biệt cách đây một thế kỷ.),"Trong đoạn văn, ""ago"" được sử dụng để chỉ một sự kiện đã xảy ra trong quá khứ, cách thời điểm hiện tại một khoảng thời gian nhất định."
1,Fisheries,Noun,Ngành đánh bắt cá,/ˈfɪʃəriz/,commercial fisheries,The growth of fisheries in the 20th century was unsustainable. (Sự phát triển của ngành đánh bắt cá trong thế kỷ 20 là không bền vững.) ,"Trong đoạn văn, ""fisheries"" được dùng để chỉ hoạt động đánh bắt cá nói chung, bao gồm cả quy mô và phạm vi của nó."
2,intensified,Verb,Gia tăng cường độ,/ɪnˈtɛnsɪfaɪd/,intensify efforts/pressure,Fishing activities intensified as demand for seafood grew. (Hoạt động đánh bắt cá gia tăng khi nhu cầu về hải sản tăng lên.),"Trong đoạn văn, ""intensified"" mô tả sự gia tăng về cường độ, quy mô và hiệu quả của hoạt động đánh bắt cá qua các thế kỷ."
3,over,Preposition,Qua,/ˈoʊvər/,over the years/decades,The environmental impact of fishing has worsened over the centuries. (Ảnh hưởng của việc đánh bắt cá đến môi trường ngày càng trở nên tồi tệ hơn qua nhiều thế kỷ.),"Trong ngữ cảnh này, ""over""  chỉ sự trải dài trong một khoảng thời gian, cụ thể là qua nhiều thế kỷ."
4,the,Determiner,,/ðə/ or /ðiː/,the + Noun,The government implemented new regulations for the fishing industry. (Chính phủ đã thực hiện các quy định mới cho ngành đánh bắt cá.),"Trong đoạn văn, ""the"" được sử dụng để chỉ một đối tượng cụ thể, đã được đề cập trước đó hoặc người đọc có thể hiểu được."
5,centuries,Noun,Thế kỷ,/ˈsɛntʃəriz/,over the centuries,"Over the centuries, fishing practices have evolved significantly. (Qua nhiều thế kỷ, hoạt động đánh bắt cá đã phát triển đáng kể.)","Trong đoạn văn, ""centuries"" ám chỉ một khoảng thời gian dài,  được tính bằng đơn vị trăm năm."
6,but,Conjunction,Nhưng,/bʌt/,,"The demand for seafood increased, but fishing practices remained largely unregulated. (Nhu cầu về hải sản tăng lên, nhưng các hoạt động đánh bắt cá phần lớn vẫn chưa được kiểm soát.)","Trong đoạn văn, ""but"" được dùng để thể hiện sự đối lập giữa suy nghĩ phổ biến trước thế kỷ 19 và thực tế hiện nay về nguồn tài nguyên biển."
7,even,Adverb,Thậm chí,/ˈiːvn/,even though/if,"Even by the late 19th century, the concept of overfishing was not widely understood. (Ngay cả vào cuối thế kỷ 19, khái niệm đánh bắt quá mức vẫn chưa được hiểu rộng rãi.)","Trong đoạn văn, ""even"" được dùng để nhấn mạnh rằng suy nghĩ về nguồn tài nguyên biển dồi dào vẫn tồn tại đến tận thế kỷ 19."
8,by,Preposition,Vào,/baɪ/,by + time/date,"By the dawn of the industrial age, fishing had become more efficient but also more intensive. (Vào thời kỳ đầu của kỷ nguyên công nghiệp, hoạt động đánh bắt cá đã trở nên hiệu quả hơn nhưng cũng  trở nên  cường độ hơn.) ","Trong ngữ cảnh này, ""by"" được sử dụng để chỉ một mốc thời gian cụ thể,  là vào khoảng thời gian của thế kỷ 19."
9,the,Determiner,,/ðə/ or /ðiː/,the + Noun,"The nineteenth century marked a turning point in human history, including in fishing practices. (Thế kỷ 19 đánh dấu một bước ngoặt trong lịch sử nhân loại, bao gồm cả hoạt động đánh bắt cá.)","Trong đoạn văn, ""the"" được sử dụng để chỉ một đối tượng cụ thể, đã được đề cập trước đó hoặc người đọc có thể hiểu được."
10,nineteenth,Adjective,Thế kỷ 19,/ˈnaɪnˌtinθ/,the nineteenth century,"The nineteenth century saw a dramatic increase in the exploitation of natural resources, including fish. (Thế kỷ 19 đã chứng kiến ​​sự gia tăng đáng kể trong việc khai thác tài nguyên thiên nhiên, bao gồm cả cá.)","Trong đoạn văn, ""nineteenth"" dùng để chỉ thế kỷ 19, thời điểm mà nhận thức về nguồn tài nguyên biển vẫn còn hạn chế."
11,century,Noun,Thế kỷ,/ˈsɛntʃəri/,a century ago,"A century ago, the idea of depleting the ocean's resources seemed inconceivable. (Một thế kỷ trước, ý tưởng về việc làm cạn kiệt tài nguyên đại dương dường như là điều không thể tưởng tượng được.)","Trong đoạn văn, ""century"" được dùng để chỉ một khoảng thời gian 100 năm."
12,it,Pronoun,Nó,/ɪt/,,It was believed that the ocean was an inexhaustible resource. (Người ta tin rằng đại dương là một nguồn tài nguyên vô tận.),"Trong đoạn văn, ""it"" được sử dụng để thay thế cho cụm từ ""the plentiful resources of the sea were for the most part beyond the reach of fishing""."
13,was,Verb be,được,/wʌz/ hoặc /wəz/,It was + past participle,It was widely assumed that technology wouldn't impact fish populations. (Người ta đã cho rằng công nghệ sẽ không ảnh hưởng đến quần thể cá.),"Trong đoạn văn, ""was felt"" được dùng để diễn tả một ý kiến, quan điểm phổ biến vào thời điểm đó."
14,still,Adverb,Vẫn,/stɪl/,still + verb,"Despite advancements in fishing techniques, it was still believed that the ocean could provide limitless bounty. (Mặc dù kỹ thuật đánh bắt đã tiến bộ, nhưng người ta vẫn tin rằng đại dương có thể cung cấp nguồn lợi vô hạn.)","Trong đoạn văn, ""still"" dùng để nhấn mạnh rằng suy nghĩ về nguồn tài nguyên biển dồi dào vẫn tồn tại cho đến thời điểm được nhắc đến."
15,felt,Verb,"Cảm thấy, cho rằng",/fɛlt/,feel that + clause,People felt that the vastness of the ocean would protect it from overexploitation. (Mọi người cảm thấy rằng sự bao la của đại dương sẽ bảo vệ nó khỏi việc khai thác quá mức.),"Trong đoạn văn, ""felt"" được dùng để diễn đạt cảm nhận, suy nghĩ hoặc quan điểm của con người về một vấn đề nào đó."
16,justifiably,Adverb,Có lý do chính đáng ,/ˈdʒʌstɪfaɪəbli/,justifiably + adjective/verb,People were justifiably concerned about overfishing only when fish stocks showed clear signs of decline. (Mọi người chỉ lo ngại về việc đánh bắt quá mức một cách chính đáng khi trữ lượng cá có dấu hiệu suy giảm rõ ràng.),"Trong đoạn văn, ""justifiably"" chỉ ra rằng suy nghĩ về nguồn tài nguyên biển dồi dào là có cơ sở, dựa trên những hiểu biết và công nghệ đánh bắt lúc bấy giờ."
17,that,Conjunction,Rằng,/ðæt/,,It was thought that the ocean could replenish itself faster than fishing could deplete it. (Người ta cho rằng đại dương có thể tự phục hồi nhanh hơn tốc độ đánh bắt cá làm cạn kiệt nó.),"Trong đoạn văn, ""that"" được dùng để kết nối mệnh đề ""the plentiful resources of the sea were for the most part beyond the reach of fishing"" với động từ ""felt""."
18,the,Determiner,,/ðə/ or /ðiː/,the + Noun,The plentiful resources of the sea were a source of wonder and sustenance. (Nguồn tài nguyên phong phú của biển cả là nguồn gốc của sự kỳ diệu và nguồn sống.),"Trong đoạn văn, ""the"" được sử dụng để chỉ một đối tượng cụ thể, đã được đề cập trước đó hoặc người đọc có thể hiểu được."
19,plentiful,Adjective,"Phong phú, dồi dào",/ˈplɛntɪfəl/,plentiful supply/resources,The plentiful supply of fish in the past led to a false sense of security about the ocean's resilience. (Nguồn cung cấp cá dồi dào trong quá khứ đã dẫn đến cảm giác an toàn giả tạo về khả năng phục hồi của đại dương.),"Trong đoạn văn, ""plentiful"" miêu tả sự phong phú, dồi dào của nguồn tài nguyên biển, đặc biệt là cá, vào thời điểm đó."
20,resources,Noun,Tài nguyên,/ˈriːsɔːrsɪz/,natural resources,"The ocean's resources are not inexhaustible, and we must use them sustainably. (Tài nguyên của đại dương không phải là vô tận, và chúng ta phải sử dụng chúng một cách bền vững.)","Trong đoạn văn, ""resources"" ám chỉ nguồn tài nguyên thiên nhiên có thể khai thác từ biển, chủ yếu là cá và các loài sinh vật biển khác."
21,of,Preposition,Của,/əv/ hoặc /ʌv/,,The health of the ocean is directly related to the health of the planet. (Sức khỏe của đại dương có liên quan trực tiếp đến sức khỏe của hành tinh.),"Trong đoạn văn, ""of"" dùng để chỉ sự sở hữu,  nguồn gốc của nguồn tài nguyên (resources) là từ biển (sea)."
22,the,Determiner,,/ðə/ or /ðiː/,the + Noun,The sea holds immense ecological and economic value. (Biển có giá trị sinh thái và kinh tế to lớn.),"Trong đoạn văn, ""the"" được sử dụng để chỉ một đối tượng cụ thể, đã được đề cập trước đó hoặc người đọc có thể hiểu được."
23,sea,Noun,Biển,/siː/,,Protecting the sea from pollution is crucial for the well-being of marine life and human populations. (Bảo vệ biển khỏi ô nhiễm là rất quan trọng đối với sự tồn tại của sinh vật biển và con người.),"Trong đoạn văn, ""sea"" dùng để chỉ vùng nước mặn rộng lớn, là môi trường sống của các loài sinh vật biển, bao gồm cả cá."
24,were,Verb be,được,/wɜːr/,,Fish were once so abundant that they were considered an inexhaustible resource. (Cá từng rất dồi dào đến mức chúng được coi là nguồn tài nguyên vô tận.),"Trong đoạn văn, ""were"" là động từ to be ở dạng quá khứ, dùng để miêu tả trạng thái của nguồn tài nguyên biển trong quá khứ."
25,for,Preposition,Đối với,/fɔːr/,for the most part,"For the most part, fishing regulations were nonexistent in the past. (Phần lớn, các quy định đánh bắt cá đã không tồn tại trong quá khứ.)","Trong đoạn văn, ""for the most part"" là một cụm từ có nghĩa là 'phần lớn' hoặc 'chủ yếu'."
26,the,Determiner,,/ðə/ or /ðiː/,the + Noun,The majority of fish caught in the past came from unregulated fishing grounds. (Phần lớn cá đánh bắt được trong quá khứ đến từ các ngư trường không được kiểm soát.),"Trong đoạn văn, ""the"" được sử dụng để chỉ một đối tượng cụ thể, đã được đề cập trước đó hoặc người đọc có thể hiểu được."
27,most,Adjective,"Phần lớn, chủ yếu",/moʊst/,most of + noun,Most of the damage to the ocean has occurred in recent decades. (Phần lớn thiệt hại đối với đại dương đã xảy ra trong những thập kỷ gần đây.),"Trong đoạn văn, ""most"" dùng để chỉ phần lớn, đa số,  trong trường hợp này là phần lớn nguồn tài nguyên biển."
28,part,Noun,Phần,/pɑːrt/,for the most part,A significant part of the ocean remains unexplored. (Một phần đáng kể của đại dương vẫn chưa được khám phá.),"Trong đoạn văn, ""part"" ám chỉ một phần trong tổng thể, kết hợp với ""for the most""  tạo thành cụm từ ""for the most part""  mang nghĩa 'phần lớn', 'chủ yếu'."
29,beyond,Preposition,"Vượt khỏi, ngoài tầm",/biˈjɑːnd/,beyond reach/control,The environmental consequences of overfishing were beyond the comprehension of past generations. (Hậu quả môi trường của việc đánh bắt quá mức nằm ngoài khả năng hiểu biết của các thế hệ trước.),"Trong đoạn văn, ""beyond""  mang nghĩa là 'vượt ra ngoài' giới hạn, khả năng nào đó. Ở đây, nó diễn tả  nguồn tài nguyên biển quá dồi dào, nằm ngoài khả năng đánh bắt của con người thời bấy giờ."
30,the,Determiner,,/ðə/ or /ðiː/,the + Noun,"The reach of fishing technology has expanded dramatically, threatening even remote fish populations. (Tầm hoạt động của công nghệ đánh bắt đã mở rộng đáng kể, đe dọa đến cả những quần thể cá ở xa.)","Trong đoạn văn, ""the"" được sử dụng để chỉ một đối tượng cụ thể, đã được đề cập trước đó hoặc người đọc có thể hiểu được."
31,reach,Noun,Tầm với,/riːtʃ/,within reach/beyond reach,"Modern fishing fleets have a global reach, capable of exploiting fish stocks far from their home ports. (Các đội tàu đánh cá hiện đại có tầm hoạt động toàn cầu, có khả năng khai thác trữ lượng cá ở xa các cảng biển của họ.)","Trong đoạn văn, ""reach""  ám chỉ khả năng tiếp cận, khai thác một thứ gì đó, ở đây là  khả năng đánh bắt  nguồn lợi hải sản của con người."
32,of,Preposition,Của,/əv/ hoặc /ʌv/,,The future of fishing depends on responsible practices and sustainable management. (Tương lai của ngành đánh bắt cá phụ thuộc vào các hoạt động có trách nhiệm và quản lý bền vững.),"Trong đoạn văn, ""of"" thể hiện mối liên hệ,  khả năng đánh bắt (reach) thuộc về  hoạt động đánh cá (fishing)."
33,fishing,Noun,Đánh bắt cá,/ˈfɪʃɪŋ/,go fishing/fishing industry,Fishing has been a vital source of food and livelihood for centuries. (Đánh bắt cá là nguồn cung cấp thực phẩm và sinh kế quan trọng trong nhiều thế kỷ.),"Trong đoạn văn, ""fishing"" dùng để chỉ hoạt động đánh bắt cá nói chung."
34,and,Conjunction,Và,/ænd/,,Sustainable fishing practices and marine conservation efforts are essential for the health of the ocean. (Thực hành đánh bắt cá bền vững và nỗ lực bảo tồn biển là rất cần thiết cho sức khỏe của đại dương.),"Trong đoạn văn, ""and""  được dùng để nối hai mệnh đề, thể hiện sự liên quan logic giữa chúng, ở đây là  do nguồn lợi  dồi dào nên  việc hạn chế đánh bắt là không cần thiết."
35,so,Conjunction,Vì vậy,/soʊ/,so + clause,"The ocean was considered an endless resource, so conservation efforts were minimal. (Đại dương được coi là một nguồn tài nguyên vô tận, vì vậy các nỗ lực bảo tồn là rất ít.)","Trong đoạn văn, ""so""  được dùng để chỉ kết quả của  việc nguồn tài nguyên biển  dồi dào,  đó là  không cần thiết phải hạn chế đánh bắt."
36,there,Pronoun,,/ðɛr/,there is/are/was/were,There was a misconception that the ocean could withstand unlimited exploitation. (Đã có một quan niệm sai lầm rằng đại dương có thể chịu đựng được sự khai thác vô hạn.),"Trong ngữ cảnh này, ""there"" được dùng như một đại từ ngữ pháp,  không mang một ý nghĩa cụ thể nào, thường xuất hiện trong cấu trúc ""there is/was""."
37,was,Verb be,"thì, là, ở",/wʌz/ hoặc /wəz/,,There was little concern for the long-term health of fish populations. (Người ta ít quan tâm đến sức khỏe lâu dài của quần thể cá.),"Trong đoạn văn, ""was"" là động từ to be ở dạng quá khứ, dùng để diễn tả trạng thái  trong quá khứ."
38,little,Determiner,Ít,/ˈlɪtl/,little + uncountable noun,Little attention was paid to the potential consequences of overfishing. (Ít ai chú ý đến những hậu quả tiềm ẩn của việc đánh bắt quá mức.),"Trong đoạn văn, ""little""  mang nghĩa là  rất ít hoặc  không có,  trong trường hợp này  chỉ  sự thiếu  nhu cầu  hạn chế đánh bắt cá."
39,need,Noun,Nhu cầu,/niːd/,need to do something,There is an urgent need for stricter fishing regulations. (Cần phải có các quy định đánh bắt cá nghiêm ngặt hơn.),"Trong đoạn văn, ""need""  thể hiện sự cần thiết phải làm một việc gì đó,  trong trường hợp này là  hạn chế  đánh bắt cá."
40,to,Preposition,Để,/tuː/ hoặc /tə/,in order to/so as to,International cooperation is crucial to protect shared fish stocks. (Hợp tác quốc tế là rất quan trọng để bảo vệ trữ lượng cá chung.),"Trong đoạn văn, ""to"" được sử dụng trước động từ nguyên mẫu ""restrict""  để chỉ mục đích."
41,restrict,Verb,Hạn chế,/rɪˈstrɪkt/,restrict something,Governments should restrict fishing during breeding seasons. (Chính phủ nên hạn chế đánh bắt cá trong mùa sinh sản.),"Trong đoạn văn, ""restrict""  mang nghĩa  giới hạn hoặc  kiểm soát một hoạt động nào đó, ở đây là  hạn chế  hoạt động đánh bắt cá."
42,fishing,Noun,Đánh bắt cá,/ˈfɪʃɪŋ/,go fishing/ban fishing,Overfishing can have devastating impacts on marine ecosystems. (Đánh bắt quá mức có thể có tác động tàn phá đối với hệ sinh thái biển.),"Trong đoạn văn, ""fishing""  ám chỉ  hoạt động đánh bắt cá,  có thể là  thương mại hoặc  giải trí."
43,or,Conjunction,Hoặc,/ɔːr/,either ... or/neither ... nor,Countries can choose to restrict fishing or face the consequences of depleted fish stocks. (Các quốc gia có thể chọn hạn chế đánh bắt cá hoặc đối mặt với hậu quả của việc cạn kiệt trữ lượng cá.),"Trong đoạn văn, ""or"" dùng để đưa ra hai lựa chọn: hạn chế đánh bắt (restrict fishing) hoặc  thành lập khu bảo tồn (create protected areas)."
44,create,Verb,Tạo ra,/kriˈeɪt/,create something,Creating marine reserves can help fish populations recover. (Việc tạo ra các khu bảo tồn biển có thể giúp quần thể cá phục hồi.),"Trong đoạn văn, ""create""  mang nghĩa  hình thành,  thiết lập  một cái gì đó mới, ở đây là  thành lập các khu vực bảo tồn biển."
45,protected,Adjective,Được bảo vệ,/prəˈtɛktɪd/,protected area/species,Protected areas play a vital role in preserving marine biodiversity. (Các khu bảo tồn đóng một vai trò quan trọng trong việc bảo tồn đa dạng sinh học biển.),"Trong đoạn văn, ""protected""  mô tả  trạng thái được  bảo vệ,  che chở  khỏi nguy hiểm hoặc  tác động xấu, ở đây là  bảo vệ  các loài sinh vật biển  trong khu vực được chỉ định."
46,areas,Noun,Khu vực,/ˈeriəz/,protected areas/restricted areas,Establishing protected areas is crucial for the long-term health of the ocean. (Việc thiết lập các khu bảo tồn là rất quan trọng đối với sức khỏe lâu dài của đại dương.),"Trong đoạn văn, ""areas"" ám chỉ  vùng,  khu vực  cụ thể,  trong trường hợp này là  khu vực biển  được  bảo vệ."
1,The,Determiner,,/ðə/ or /ðiː/,the + Noun,The twentieth century witnessed a dramatic increase in global population. (Thế kỷ XX chứng kiến ​​sự gia tăng dân số toàn cầu một cách chóng mặt.),"Trong đoạn văn, ""the"" được sử dụng trước một danh từ đã được xác định hoặc được hiểu ngầm trong ngữ cảnh, ở đây là ""twentieth century""."
2,twentieth,Adjective,Thứ hai mươi,/ˈtwɛntiɪθ/,the twentieth century,The twentieth century marked a period of rapid technological advancement. (Thế kỷ XX đánh dấu một giai đoạn phát triển công nghệ nhanh chóng.),"Trong đoạn văn, ""twentieth"" được sử dụng để chỉ thế kỷ 20."
3,century,Noun,Thế kỷ,/ˈsɛntʃəri/,twentieth century/in the 21st century,The previous century saw significant changes in fishing practices. (Thế kỷ trước đã chứng kiến ​​những thay đổi đáng kể trong hoạt động đánh bắt cá.),"Trong đoạn văn, ""century"" được sử dụng như một đơn vị thời gian, tương đương với 100 năm."
4,heralded,Verb,Báo hiệu,/ˈhɛrəldɪd/,herald the beginning/arrival of something,The invention of the steam engine heralded the industrial revolution. (Việc phát minh ra động cơ hơi nước đã báo hiệu cuộc cách mạng công nghiệp.),"Trong đoạn văn, ""heralded"" được sử dụng để miêu tả thế kỷ 20 như một dấu hiệu, một điềm báo trước cho sự gia tăng mạnh mẽ về cường độ đánh bắt cá."
5,an,Determiner,một,/æn/,an + Noun,The discovery of new fishing grounds led to an increase in fishing effort. (Việc phát hiện ra các ngư trường mới đã dẫn đến sự gia tăng nỗ lực đánh bắt.),"Trong đoạn văn, ""an"" được sử dụng trước một danh từ số ít đếm được bắt đầu bằng nguyên âm, ở đây là ""escalation""."
6,escalation,Noun,Sự leo thang,/ˌɛskəˈleɪʃən/,escalation of violence/conflict,The escalation in fishing intensity has had devastating consequences for marine life. (Sự leo thang về cường độ đánh bắt cá đã gây ra hậu quả tàn khốc cho sinh vật biển.),"Trong đoạn văn, ""escalation"" được sử dụng để mô tả sự gia tăng nhanh chóng và đáng kể về cường độ đánh bắt cá."
7,in,Preposition,"về, trong",/ɪn/,an increase in something,Technological advancements have resulted in a significant increase in fishing capacity. (Những tiến bộ công nghệ đã dẫn đến sự gia tăng đáng kể về năng lực đánh bắt.),"Trong đoạn văn, ""in"" được sử dụng để chỉ phạm vi, lĩnh vực mà sự leo thang diễn ra, ở đây là cường độ đánh bắt cá."
8,fishing,Noun,đánh bắt cá,/ˈfɪʃɪŋ/,fishing industry/go fishing,Overfishing is a serious threat to the health of our oceans. (Đánh bắt quá mức là một mối đe dọa nghiêm trọng đối với sức khỏe của các đại dương.),"Trong đoạn văn, ""fishing"" được sử dụng để chỉ hoạt động đánh bắt cá nói chung."
9,intensity,Noun,cường độ,/ɪnˈtɛnsəti/,the intensity of the storm,The intensity of fishing pressure can vary depending on the species and location. (Cường độ của áp lực đánh bắt có thể khác nhau tùy thuộc vào loài và địa điểm.),"Trong đoạn văn, ""intensity"" được sử dụng để chỉ mức độ tập trung, mạnh mẽ của hoạt động đánh bắt cá."
10,that,Determiner,mà,/ðæt/,,The increasing demand for seafood is a major factor that contributes to overfishing. (Nhu cầu ngày càng tăng đối với hải sản là một yếu tố chính góp phần vào việc đánh bắt quá mức.),"Trong đoạn văn, ""that"" là đại từ quan hệ, được sử dụng để thay thế cho cụm từ ""an escalation in fishing intensity"" và kết nối mệnh đề sau nó."
11,is,Verb be,là,/ɪz/,,Overfishing is a complex issue with far-reaching ecological and economic consequences. (Đánh bắt quá mức là một vấn đề phức tạp với những hậu quả sâu rộng về sinh thái và kinh tế.),"Trong đoạn văn, ""is"" là động từ to be ở thì hiện tại, được sử dụng để miêu tả tính chất của sự leo thang về cường độ đánh bắt cá."
12,unprecedented,Adjective,chưa từng có,/ʌnˈprɛsədɛntɪd/,unprecedented levels/growth,The current rate of biodiversity loss is unprecedented in human history. (Tốc độ mất đa dạng sinh học hiện nay là chưa từng có trong lịch sử nhân loại.),"Trong đoạn văn, ""unprecedented"" được sử dụng để nhấn mạnh tính chất đặc biệt, chưa từng xảy ra trước đây của sự gia tăng cường độ đánh bắt cá."
13,in,Preposition,trong,/ɪn/,in history/in the past,The invention of the printing press was a groundbreaking event in the history of communication. (Việc phát minh ra máy in là một sự kiện đột phá trong lịch sử truyền thông.),"Trong đoạn văn, ""in"" được sử dụng để chỉ phạm vi thời gian, lịch sử mà sự so sánh được thực hiện, ở đây là ""lịch sử của các đại dương""."
14,the,Determiner,,/ðə/ or /ðiː/,the + Noun,"The history of the oceans is long and complex, shaped by geological processes, climate change, and human activities. (Lịch sử của các đại dương rất dài và phức tạp, được định hình bởi các quá trình địa chất, biến đổi khí hậu và hoạt động của con người.)","Trong đoạn văn, ""the"" được sử dụng trước một danh từ đã được xác định hoặc được hiểu ngầm trong ngữ cảnh, ở đây là ""history of the oceans""."
15,history,Noun,lịch sử,/ˈhɪstri/,the history of something,The study of history can provide insights into present-day challenges. (Nghiên cứu lịch sử có thể cung cấp những hiểu biết sâu sắc về những thách thức ngày nay.),"Trong đoạn văn, ""history"" được sử dụng để chỉ quá trình phát triển, tồn tại của các đại dương từ trước đến nay."
16,of,Preposition,của,/əv/ hoặc /ʌv/,,The overexploitation of natural resources is a recurring theme in human history. (Việc khai thác quá mức tài nguyên thiên nhiên là một chủ đề lặp đi lặp lại trong lịch sử nhân loại.),"Trong đoạn văn, ""of"" được sử dụng để chỉ sự sở hữu, mối quan hệ giữa danh từ ""history"" và ""oceans"", lịch sử thuộc về các đại dương."
17,the,Determiner,,/ðə/ or /ðiː/,the + Noun,The world's oceans play a vital role in regulating climate and supporting a vast array of life. (Các đại dương trên thế giới đóng một vai trò quan trọng trong việc điều hòa khí hậu và hỗ trợ sự sống của một loạt các sinh vật.),"Trong đoạn văn, ""the"" được sử dụng trước một danh từ đã được xác định hoặc được hiểu ngầm trong ngữ cảnh, ở đây là ""oceans""."
18,oceans,Noun,đại dương,/ˈoʊʃənz/,,Pollution from land-based sources is a major threat to ocean health. (Ô nhiễm từ các nguồn trên đất liền là mối đe dọa lớn đối với sức khỏe đại dương.),"Trong đoạn văn, ""oceans"" được sử dụng để chỉ toàn bộ vùng nước mặn bao phủ phần lớn bề mặt Trái Đất."
19,and,Conjunction,và,/ænd/,,Climate change and ocean acidification are two major threats to marine ecosystems. (Biến đổi khí hậu và axit hóa đại dương là hai mối đe dọa lớn đối với hệ sinh thái biển.),"Trong đoạn văn, ""and"" là một liên từ kết hợp, được sử dụng để nối hai mệnh đề có quan hệ ngang bằng về ngữ nghĩa."
20,modern,Adjective,hiện đại,/ˈmɑːdərn/,modern technology/modern art,"Modern fishing gear, such as sonar and GPS, has made it easier to locate and catch fish. (Ngư cụ hiện đại, chẳng hạn như sonar và GPS, đã giúp việc định vị và đánh bắt cá trở nên dễ dàng hơn.)","Trong đoạn văn, ""modern"" được sử dụng để phân biệt với công nghệ đánh bắt cá trong quá khứ,  nhấn mạnh sự tiên tiến và hiệu quả của công nghệ hiện tại."
21,fishing,Noun,đánh bắt cá,/ˈfɪʃɪŋ/,fishing rod/fishing net,Advances in fishing technology have led to increased catches but also greater pressure on fish stocks. (Những tiến bộ trong công nghệ đánh bắt đã dẫn đến sản lượng đánh bắt tăng lên nhưng cũng gây áp lực lớn hơn đối với trữ lượng cá.),"Trong đoạn văn, ""fishing"" được sử dụng kết hợp với ""technologies"" để chỉ công nghệ được sử dụng trong hoạt động đánh bắt cá."
22,technologies,Noun,công nghệ,/tɛkˈnɑːlədʒiz/,fishing technologies/modern technologies,The use of unsustainable fishing technologies is a major contributor to overfishing. (Việc sử dụng các công nghệ đánh bắt không bền vững là một trong những nguyên nhân chính dẫn đến đánh bắt quá mức.),"Trong đoạn văn, ""technologies"" được sử dụng để chỉ tập hợp các phương pháp, kỹ thuật và thiết bị được sử dụng trong ngành đánh bắt cá."
23,leave,Verb,"khiến cho, để lại",/liːv/,leave someone with no choice/option,The economic crisis left many families with no choice but to sell their homes. (Cuộc khủng hoảng kinh tế khiến nhiều gia đình không còn lựa chọn nào khác ngoài việc bán nhà.),"Trong đoạn văn, ""leave"" được sử dụng với cấu trúc ""leave someone/something with no choice/option/alternative"" để miêu tả tình trạng không còn lựa chọn nào khác của cá do công nghệ đánh bắt hiện đại."
24,fish,Noun,cá,/fɪʃ/,catch a fish,The overexploitation of certain fish species can disrupt entire marine ecosystems. (Việc khai thác quá mức một số loài cá nhất định có thể phá vỡ toàn bộ hệ sinh thái biển.),"Trong đoạn văn, ""fish"" được sử dụng để chỉ các loài cá nói chung, là đối tượng bị ảnh hưởng bởi công nghệ đánh bắt hiện đại."
25,no,Determiner,không,/noʊ/,no + Noun,There is no excuse for illegal fishing practices that harm marine life. (Không có lý do gì bào chữa cho các hoạt động đánh bắt cá bất hợp pháp gây hại cho sinh vật biển.),"Trong đoạn văn, ""no"" được sử dụng trước một danh từ để phủ định hoàn toàn sự tồn tại của danh từ đó, ở đây là ""place to hide""."
26,place,Noun,"nơi, chỗ",/pleɪs/,a safe place/find a place,Coastal habitats provide important breeding and feeding grounds for many fish species. (Môi trường sống ven biển cung cấp các bãi đẻ và kiếm ăn quan trọng cho nhiều loài cá.),"Trong đoạn văn, ""place"" được sử dụng để chỉ một vị trí, địa điểm cụ thể, ở đây là nơi ẩn náu của cá."
27,to,Preposition,để,/tuː/ hoặc /tə/,in order to/so as to,Marine protected areas can provide a refuge for fish to breed and grow. (Các khu bảo tồn biển có thể cung cấp nơi trú ẩn cho cá sinh sản và phát triển.),"Trong đoạn văn, ""to"" được sử dụng trước động từ nguyên mẫu ""hide"" để chỉ mục đích."
28,hide,Verb,ẩn náu,/haɪd/,hide from someone/something,Some fish species have evolved camouflage mechanisms to help them hide from predators. (Một số loài cá đã tiến hóa các cơ chế ngụy trang để giúp chúng ẩn náu khỏi những kẻ săn mồi.),"Trong đoạn văn, ""hide"" được sử dụng để miêu tả hành động tìm kiếm nơi trú ẩn, bảo vệ bản thân của cá khỏi nguy hiểm, ở đây là hoạt động đánh bắt."
1,Today,Adverb,Ngày nay,/təˈdeɪ/,,"Today, we are facing the consequences of overfishing, a problem that was largely ignored in the past. (Ngày nay, chúng ta đang phải đối mặt với những hậu quả của việc đánh bắt quá mức, một vấn đề đã bị phớt lờ phần lớn trong quá khứ.)","Trong đoạn văn, ""today"" được sử dụng để chỉ thời điểm hiện tại, so sánh với quá khứ khi tình trạng đánh bắt cá khác biệt."
2,the,Determiner,,/ðə/ or /ðiː/,the + Noun,The government plays a crucial role in establishing and managing protected areas. (Chính phủ đóng vai trò quan trọng trong việc thiết lập và quản lý các khu bảo tồn.),"Trong đoạn văn, ""the"" được sử dụng để chỉ một đối tượng cụ thể đã được xác định hoặc được hiểu ngầm, ở đây là ""refuges from fishing""."
3,only,Adjective,duy nhất,/ˈoʊnli/,the only + Noun,The only way to prevent further damage to the ocean is through sustainable fishing practices. (Cách duy nhất để ngăn chặn thiệt hại thêm cho đại dương là thông qua các hoạt động đánh bắt bền vững.),"Trong đoạn văn, ""only"" được sử dụng để nhấn mạnh rằng chỉ có những nơi trú ẩn được tạo ra một cách có chủ ý mới có thể bảo vệ cá khỏi hoạt động đánh bắt."
4,refuges,Noun,nơi trú ẩn,/ˈrɛfjuːdʒɪz/,seek refuge/provide refuge,"Marine reserves act as refuges for fish populations, allowing them to recover and thrive. (Các khu bảo tồn biển hoạt động như những nơi trú ẩn cho quần thể cá, cho phép chúng phục hồi và phát triển.)","Trong đoạn văn, ""refuges"" được sử dụng để chỉ những khu vực an toàn, nơi cá có thể tránh khỏi hoạt động đánh bắt."
5,from,Preposition,khỏi,/frʌm/,protection from something/safe from something,International cooperation is essential to protect marine life from the threats of pollution and climate change. (Hợp tác quốc tế là điều cần thiết để bảo vệ sinh vật biển khỏi các mối đe dọa từ ô nhiễm và biến đổi khí hậu.),"Trong đoạn văn, ""from"" được sử dụng sau danh từ ""refuges"" để chỉ nguồn gốc của sự an toàn, ở đây là sự an toàn khỏi hoạt động đánh bắt cá."
6,fishing,Noun,đánh bắt cá,/ˈfɪʃɪŋ/,go fishing/fishing industry,"The impact of fishing on marine ecosystems can be significant, particularly when practices are unsustainable. (Tác động của hoạt động đánh bắt cá đối với hệ sinh thái biển có thể rất đáng kể, đặc biệt là khi các hoạt động này không bền vững.)","Trong đoạn văn, ""fishing"" được sử dụng để chỉ hoạt động đánh bắt cá nói chung."
7,are,Verb be,là,/ɑːr/,,Protected areas are essential for the conservation of marine biodiversity. (Các khu bảo tồn rất cần thiết cho việc bảo tồn đa dạng sinh học biển.),"Trong đoạn văn, ""are"" là động từ to be ở thì hiện tại, được sử dụng để liên kết chủ ngữ ""the only refuges from fishing"" với vị ngữ ""those we deliberately create""."
8,those,Determiner,những,/ðoʊz/,,International agreements can help to ensure that fishing quotas are set at sustainable levels. (Các thỏa thuận quốc tế có thể giúp đảm bảo rằng hạn ngạch đánh bắt được đặt ở mức bền vững.),"Trong đoạn văn, ""those"" được sử dụng để thay thế cho danh từ ""refuges"" đã được đề cập trước đó, tránh lặp từ."
9,we,Pronoun,chúng ta,/wiː/,,We must act now to address the challenges facing our oceans. (Chúng ta phải hành động ngay bây giờ để giải quyết những thách thức mà đại dương của chúng ta đang phải đối mặt.),"Trong đoạn văn, ""we"" được sử dụng để chỉ con người nói chung, những người có trách nhiệm trong việc tạo ra các khu vực bảo tồn biển."
10,deliberately,Adverb,một cách có chủ ý,/dɪˈlɪbərətli/,deliberately + Verb,Governments must work together to deliberately reduce pollution and protect marine habitats. (Các chính phủ phải hợp tác với nhau để cố tình giảm thiểu ô nhiễm và bảo vệ môi trường sống biển.),"Trong đoạn văn, ""deliberately"" được sử dụng để nhấn mạnh rằng việc tạo ra các khu vực bảo tồn biển là một hành động có ý thức, có kế hoạch, nhằm bảo vệ cá và hệ sinh thái biển."
11,create,Verb,tạo ra,/kriˈeɪt/,create something,We have a responsibility to create a more sustainable future for our oceans. (Chúng ta có trách nhiệm tạo ra một tương lai bền vững hơn cho các đại dương của chúng ta.),"Trong đoạn văn, ""create"" được sử dụng để chỉ hành động thiết lập, hình thành các khu vực bảo tồn biển."
1,Unhappily,Adverb,Không may là,/ʌnˈhæpɪli/,,"Unhappily, many marine species are facing extinction due to overfishing and habitat destruction. (Không may là, nhiều loài sinh vật biển đang phải đối mặt với nguy cơ tuyệt chủng do đánh bắt quá mức và mất môi trường sống.)","Trong đoạn văn, ""unhappily"" được sử dụng để diễn tả sự tiếc nuối,  không hài lòng về  tình trạng bảo vệ biển hiện nay."
2,the,Determiner,,/ðə/ or /ðiː/,the + Noun,The government has implemented stricter regulations to protect endangered species. (Chính phủ đã thực hiện các quy định nghiêm ngặt hơn để bảo vệ các loài có nguy cơ tuyệt chủng.),"Trong đoạn văn, ""the"" được sử dụng để chỉ một đối tượng cụ thể đã được xác định hoặc được hiểu ngầm, ở đây là ""sea""."
3,sea,Noun,biển,/siː/,,The sea plays a vital role in regulating the Earth's climate. (Biển đóng một vai trò quan trọng trong việc điều hòa khí hậu Trái Đất.),"Trong đoạn văn, ""sea"" được sử dụng để chỉ môi trường biển nói chung."
4,trails,Verb,"chậm hơn, tụt hậu",/treɪlz/,trail behind someone/something,Developing countries often trail behind developed countries in terms of technological advancements. (Các nước đang phát triển thường tụt hậu so với các nước phát triển về tiến bộ công nghệ.),"Trong đoạn văn, ""trails"" được sử dụng để so sánh sự phát triển, tiến độ của việc bảo vệ biển so với đất liền,  chỉ ra  biển  đang bị  bỏ lại phía sau."
5,far,Adverb,xa,/fɑːr/,far behind/far away,The company's profits are far below expectations this quarter. (Lợi nhuận của công ty thấp hơn nhiều so với kỳ vọng trong quý này.),"Trong đoạn văn, ""far"" được sử dụng để nhấn mạnh mức độ  chậm trễ,  kém phát triển của  hoạt động bảo vệ biển so với đất liền."
6,behind,Preposition,phía sau,/bɪˈhaɪnd/,behind schedule/fall behind,The project is already several weeks behind schedule. (Dự án đã bị chậm tiến độ vài tuần.),"Trong đoạn văn, ""behind"" được sử dụng trong cụm từ ""trails far behind""  để so sánh  mức độ bảo vệ  của biển  so với  đất liền."
7,the,Determiner,,/ðə/ or /ðiː/,the + Noun,The conservation of forests is essential for mitigating climate change. (Việc bảo tồn rừng là điều cần thiết để giảm thiểu biến đổi khí hậu.),"Trong đoạn văn, ""the"" được sử dụng để chỉ một đối tượng cụ thể đã được xác định hoặc được hiểu ngầm, ở đây là ""land""."
8,land,Noun,đất liền,/lænd/,,Governments need to prioritize both land and marine conservation efforts. (Chính phủ cần ưu tiên cả nỗ lực bảo tồn đất liền và biển.),"Trong đoạn văn, ""land"" được sử dụng để chỉ môi trường đất liền, đối lập với môi trường biển."
9,in,Preposition,"về, trong",/ɪn/,in terms of something,The two companies are very similar in terms of their size and market share. (Hai công ty rất giống nhau về quy mô và thị phần.),"Trong đoạn văn, ""in terms of"" là một cụm từ được sử dụng để giới hạn phạm vi so sánh giữa biển và đất liền, ở đây là về ""diện tích và chất lượng bảo vệ""."
10,terms,Noun,phương diện,/tɜːrmz/,in terms of something,The new policy has been successful in terms of reducing unemployment. (Chính sách mới đã thành công trong việc giảm tỷ lệ thất nghiệp.),"Trong đoạn văn, ""terms"" được sử dụng trong cụm từ ""in terms of"" để chỉ khía cạnh, tiêu chí so sánh."
11,of,Preposition,của,/əv/ hoặc /ʌv/,,The protection of natural resources is essential for the well-being of future generations. (Việc bảo vệ tài nguyên thiên nhiên là điều cần thiết cho sự thịnh vượng của các thế hệ tương lai.),"Trong đoạn văn, ""of"" được sử dụng để chỉ sự sở hữu, mối liên hệ giữa danh từ ""terms"" và cụm danh từ ""the area and the quality of protection given""."
12,the,Determiner,,/ðə/ or /ðiː/,the + Noun,The government has designated a large portion of the forest as a national park. (Chính phủ đã chỉ định một phần lớn diện tích rừng là vườn quốc gia.),"Trong đoạn văn, ""the"" được sử dụng để chỉ một đối tượng cụ thể đã được xác định hoặc được hiểu ngầm, ở đây là ""area""."
13,area,Noun,diện tích,/ˈeriə/,a large area/cover a wide area,The establishment of marine protected areas is crucial for the conservation of marine biodiversity. (Việc thành lập các khu bảo tồn biển là rất quan trọng đối với việc bảo tồn đa dạng sinh học biển.),"Trong đoạn văn, ""area"" được sử dụng để chỉ diện tích của các khu vực được bảo vệ, là một trong những tiêu chí so sánh giữa biển và đất liền."
14,and,Conjunction,và,/ænd/,,"Effective conservation requires a combination of government regulation, community involvement, and scientific research. (Bảo tồn hiệu quả đòi hỏi sự kết hợp giữa quy định của chính phủ, sự tham gia của cộng đồng và nghiên cứu khoa học.)","Trong đoạn văn, ""and"" là một liên từ kết hợp, được sử dụng để nối hai cụm danh từ ""the area"" và ""the quality of protection given"",  cho thấy cả hai đều là tiêu chí so sánh."
15,the,Determiner,,/ðə/ or /ðiː/,the + Noun,The effectiveness of conservation efforts often depends on adequate funding and enforcement. (Hiệu quả của các nỗ lực bảo tồn thường phụ thuộc vào kinh phí và thực thi đầy đủ.),"Trong đoạn văn, ""the"" được sử dụng để chỉ một đối tượng cụ thể đã được xác định hoặc được hiểu ngầm, ở đây là ""quality of protection given""."
16,quality,Noun,chất lượng,/ˈkwɑːləti/,the quality of something/high quality,The quality of education in a country is a key indicator of its human development. (Chất lượng giáo dục ở một quốc gia là một chỉ số quan trọng về phát triển con người của quốc gia đó.),"Trong đoạn văn, ""quality"" được sử dụng để chỉ mức độ hiệu quả,  toàn diện  của  hoạt động  bảo vệ,  là một trong những tiêu chí so sánh giữa biển và đất liền."
17,of,Preposition,của,/əv/ hoặc /ʌv/,,The conservation of endangered species requires a multifaceted approach. (Việc bảo tồn các loài có nguy cơ tuyệt chủng đòi hỏi một cách tiếp cận đa chiều.),"Trong đoạn văn, ""of"" được sử dụng để chỉ sự sở hữu,  chất lượng (quality)  thuộc về  hoạt động  bảo vệ (protection)."
18,protection,Noun,bảo vệ,/prəˈtɛkʃən/,environmental protection/offer protection,The establishment of national parks is one way to provide protection for natural areas. (Việc thành lập các vườn quốc gia là một cách để bảo vệ các khu vực tự nhiên.),"Trong đoạn văn, ""protection"" được sử dụng để chỉ  các biện pháp,  chính sách  nhằm bảo vệ  môi trường  và  các loài sinh vật, ở đây là  bảo vệ  biển."
19,given,Verb,"được cung cấp, được ban cho",/ˈɡɪvn/,,More resources should be allocated to the protection of marine ecosystems. (Cần phân bổ thêm nguồn lực cho việc bảo vệ hệ sinh thái biển.) ,"Trong đoạn văn, ""given"" được sử dụng ở dạng phân từ quá khứ,  bổ nghĩa cho danh từ ""protection""  và  mang nghĩa  bị động,  chỉ  sự bảo vệ  được  cung cấp."
